<?xml version="1.0" encoding="utf-8"?>
<edmx:Edmx Version="1.0" xmlns:edmx="http://schemas.microsoft.com/ado/2007/06/edmx" xmlns:m="http://schemas.microsoft.com/ado/2007/08/dataservices/metadata" xmlns:sap="http://www.sap.com/Protocols/SAPData">
    <edmx:DataServices m:DataServiceVersion="2.0">
        <Schema Namespace="ZSD_030_HOTEL_TOOL_SRV" xml:lang="en" sap:schema-version="1" xmlns="http://schemas.microsoft.com/ado/2008/09/edm">
            <EntityType Name="hotel" sap:content-version="1">
                <Key>
                    <PropertyRef Name="Id"/>
                </Key>
                <Property Name="Id" Type="Edm.Int16" Nullable="false" sap:unicode="false" sap:label="INT2" sap:creatable="false" sap:updatable="false" sap:sortable="false" sap:filterable="false"/>
                <Property Name="Name" Type="Edm.String" Nullable="false" MaxLength="30" sap:unicode="false" sap:label="30 Characters" sap:creatable="false" sap:updatable="false" sap:sortable="false" sap:filterable="false"/>
                <Property Name="Street" Type="Edm.String" Nullable="false" MaxLength="60" sap:unicode="false" sap:label="Street" sap:creatable="false" sap:updatable="false" sap:sortable="false" sap:filterable="false"/>
                <Property Name="City" Type="Edm.String" Nullable="false" MaxLength="25" sap:unicode="false" sap:label="City" sap:creatable="false" sap:updatable="false" sap:sortable="false" sap:filterable="false"/>
                <Property Name="Country" Type="Edm.String" Nullable="false" MaxLength="50" sap:unicode="false" sap:label="Long name" sap:creatable="false" sap:updatable="false" sap:sortable="false" sap:filterable="false"/>
                <Property Name="Description" Type="Edm.String" Nullable="false" MaxLength="40" sap:unicode="false" sap:label="Description" sap:creatable="false" sap:updatable="false" sap:sortable="false" sap:filterable="false"/>
                <NavigationProperty Name="hotelBooking" Relationship="ZSD_030_HOTEL_TOOL_SRV.hotelBooking" FromRole="FromRole_hotelBooking" ToRole="ToRole_hotelBooking"/>
                <NavigationProperty Name="hotelContact" Relationship="ZSD_030_HOTEL_TOOL_SRV.hotelContact" FromRole="FromRole_hotelContact" ToRole="ToRole_hotelContact"/>
            </EntityType>
            <EntityType Name="contact" sap:content-version="1">
                <Key>
                    <PropertyRef Name="Id"/>
                </Key>
                <Property Name="HotelId" Type="Edm.Int16" Nullable="false" sap:unicode="false" sap:label="INT2" sap:creatable="false" sap:updatable="false" sap:sortable="false" sap:filterable="false"/>
                <Property Name="Id" Type="Edm.Int16" Nullable="false" sap:unicode="false" sap:label="INT2" sap:creatable="false" sap:updatable="false" sap:sortable="false" sap:filterable="false"/>
                <Property Name="Name" Type="Edm.String" Nullable="false" MaxLength="40" sap:unicode="false" sap:label="Last name" sap:creatable="false" sap:updatable="false" sap:sortable="false" sap:filterable="false"/>
                <Property Name="Firstname" Type="Edm.String" Nullable="false" MaxLength="40" sap:unicode="false" sap:label="First name" sap:creatable="false" sap:updatable="false" sap:sortable="false" sap:filterable="false"/>
                <Property Name="Email" Type="Edm.String" Nullable="false" MaxLength="241" sap:unicode="false" sap:label="E-Mail Address" sap:creatable="false" sap:updatable="false" sap:sortable="false" sap:filterable="false"/>
            </EntityType>
            <EntityType Name="booking" sap:content-version="1">
                <Key>
                    <PropertyRef Name="Id"/>
                </Key>
                <Property Name="HotelId" Type="Edm.Int16" Nullable="false" sap:unicode="false" sap:label="INT2" sap:creatable="false" sap:updatable="false" sap:sortable="false" sap:filterable="false"/>
                <Property Name="Id" Type="Edm.Int16" Nullable="false" sap:unicode="false" sap:label="INT2" sap:creatable="false" sap:updatable="false" sap:sortable="false" sap:filterable="false"/>
                <Property Name="Name" Type="Edm.String" Nullable="false" MaxLength="40" sap:unicode="false" sap:label="Last name" sap:creatable="false" sap:updatable="false" sap:sortable="false" sap:filterable="false"/>
                <Property Name="Firstname" Type="Edm.String" Nullable="false" MaxLength="40" sap:unicode="false" sap:label="First name" sap:creatable="false" sap:updatable="false" sap:sortable="false" sap:filterable="false"/>
                <Property Name="Startdate" Type="Edm.DateTime" Precision="7" sap:unicode="false" sap:label="Date" sap:creatable="false" sap:updatable="false" sap:sortable="false" sap:filterable="false"/>
                <Property Name="Nights" Type="Edm.Byte" Nullable="false" sap:unicode="false" sap:label="INT1" sap:creatable="false" sap:updatable="false" sap:sortable="false" sap:filterable="false"/>
                <Property Name="Email" Type="Edm.String" Nullable="false" MaxLength="241" sap:unicode="false" sap:label="E-Mail Address" sap:creatable="false" sap:updatable="false" sap:sortable="false" sap:filterable="false"/>
            </EntityType>
            <Association Name="hotelContact" sap:content-version="1">
                <End Type="ZSD_030_HOTEL_TOOL_SRV.hotel" Multiplicity="1" Role="FromRole_hotelContact"/>
                <End Type="ZSD_030_HOTEL_TOOL_SRV.contact" Multiplicity="*" Role="ToRole_hotelContact"/>
                <ReferentialConstraint>
                    <Principal Role="FromRole_hotelContact">
                        <PropertyRef Name="Id"/>
                    </Principal>
                    <Dependent Role="ToRole_hotelContact">
                        <PropertyRef Name="Id"/>
                    </Dependent>
                </ReferentialConstraint>
            </Association>
            <Association Name="hotelBooking" sap:content-version="1">
                <End Type="ZSD_030_HOTEL_TOOL_SRV.hotel" Multiplicity="1" Role="FromRole_hotelBooking"/>
                <End Type="ZSD_030_HOTEL_TOOL_SRV.booking" Multiplicity="*" Role="ToRole_hotelBooking"/>
                <ReferentialConstraint>
                    <Principal Role="FromRole_hotelBooking">
                        <PropertyRef Name="Id"/>
                    </Principal>
                    <Dependent Role="ToRole_hotelBooking">
                        <PropertyRef Name="HotelId"/>
                    </Dependent>
                </ReferentialConstraint>
            </Association>
            <EntityContainer Name="ZSD_030_HOTEL_TOOL_SRV_Entities" m:IsDefaultEntityContainer="true" sap:supported-formats="atom json xlsx">
                <EntitySet Name="hotelSet" EntityType="ZSD_030_HOTEL_TOOL_SRV.hotel" sap:creatable="false" sap:updatable="false" sap:deletable="false" sap:pageable="false" sap:content-version="1"/>
                <EntitySet Name="contactSet" EntityType="ZSD_030_HOTEL_TOOL_SRV.contact" sap:creatable="false" sap:updatable="false" sap:deletable="false" sap:pageable="false" sap:content-version="1"/>
                <EntitySet Name="bookingSet" EntityType="ZSD_030_HOTEL_TOOL_SRV.booking" sap:creatable="false" sap:updatable="false" sap:deletable="false" sap:pageable="false" sap:content-version="1"/>
                <AssociationSet Name="hotelContactSet" Association="ZSD_030_HOTEL_TOOL_SRV.hotelContact" sap:creatable="false" sap:updatable="false" sap:deletable="false" sap:content-version="1">
                    <End EntitySet="hotelSet" Role="FromRole_hotelContact"/>
                    <End EntitySet="contactSet" Role="ToRole_hotelContact"/>
                </AssociationSet>
                <AssociationSet Name="hotelBookingSet" Association="ZSD_030_HOTEL_TOOL_SRV.hotelBooking" sap:creatable="false" sap:updatable="false" sap:deletable="false" sap:content-version="1">
                    <End EntitySet="hotelSet" Role="FromRole_hotelBooking"/>
                    <End EntitySet="bookingSet" Role="ToRole_hotelBooking"/>
                </AssociationSet>
            </EntityContainer>
            <atom:link rel="self" href="http://r36z.ucc.ovgu.de:443/sap/opu/odata/sap/ZSD_030_HOTEL_TOOL_SRV/$metadata" xmlns:atom="http://www.w3.org/2005/Atom"/>
            <atom:link rel="latest-version" href="http://r36z.ucc.ovgu.de:443/sap/opu/odata/sap/ZSD_030_HOTEL_TOOL_SRV/$metadata" xmlns:atom="http://www.w3.org/2005/Atom"/>
        </Schema>
    </edmx:DataServices>
</edmx:Edmx>