<?xml version="1.0" encoding="utf-8"?>
<edmx:Edmx Version="1.0" xmlns:edmx="http://schemas.microsoft.com/ado/2007/06/edmx" xmlns:m="http://schemas.microsoft.com/ado/2007/08/dataservices/metadata" xmlns:sap="http://www.sap.com/Protocols/SAPData">
    <edmx:Reference Uri="http://r36z.ucc.ovgu.de:443/sap/opu/odata/IWFND/CATALOGSERVICE;v=2/Vocabularies(TechnicalName='%2FIWBEP%2FVOC_COMMON',Version='0001',SAP__Origin='LOCAL')/$value" xmlns:edmx="http://docs.oasis-open.org/odata/ns/edmx">
        <edmx:Include Namespace="com.sap.vocabularies.Common.v1" Alias="Common"/>
    </edmx:Reference>
    <edmx:Reference Uri="http://r36z.ucc.ovgu.de:443/sap/opu/odata/IWFND/CATALOGSERVICE;v=2/Vocabularies(TechnicalName='%2FIWBEP%2FVOC_CAPABILITIES',Version='0001',SAP__Origin='LOCAL')/$value" xmlns:edmx="http://docs.oasis-open.org/odata/ns/edmx">
        <edmx:Include Namespace="Org.OData.Capabilities.V1" Alias="Capabilities"/>
    </edmx:Reference>
    <edmx:Reference Uri="http://r36z.ucc.ovgu.de:443/sap/opu/odata/IWFND/CATALOGSERVICE;v=2/Vocabularies(TechnicalName='%2FIWBEP%2FVOC_COMMUNICATION',Version='0001',SAP__Origin='LOCAL')/$value" xmlns:edmx="http://docs.oasis-open.org/odata/ns/edmx">
        <edmx:Include Namespace="com.sap.vocabularies.Communication.v1" Alias="Communication"/>
    </edmx:Reference>
    <edmx:DataServices m:DataServiceVersion="2.0">
        <Schema Namespace="ZSD_030_C_HOTELS_CDS" xml:lang="en" sap:schema-version="1" xmlns="http://schemas.microsoft.com/ado/2008/09/edm">
            <EntityType Name="ZSD_030_C_HOTELSType" sap:label="consumption of hotels" sap:content-version="1">
                <Key>
                    <PropertyRef Name="Id"/>
                </Key>
                <Property Name="Id" Type="Edm.Int16" Nullable="false" sap:label="INT2" sap:quickinfo="2 Byte Signed Integer"/>
                <Property Name="Name" Type="Edm.String" MaxLength="40" sap:label="Name"/>
                <Property Name="Street" Type="Edm.String" MaxLength="30" sap:label="Street and House No." sap:quickinfo="Street and House Number"/>
                <Property Name="City" Type="Edm.String" MaxLength="25" sap:label="City"/>
                <Property Name="Country" Type="Edm.String" MaxLength="3" sap:display-format="UpperCase" sap:label="Country Key"/>
                <Property Name="Description" Type="Edm.String" MaxLength="1024" sap:display-format="UpperCase" sap:label="String" sap:quickinfo="Character 1024"/>
            </EntityType>
            <EntityContainer Name="ZSD_030_C_HOTELS_CDS_Entities" m:IsDefaultEntityContainer="true" sap:supported-formats="atom json xlsx">
                <EntitySet Name="ZSD_030_C_HOTELS" EntityType="ZSD_030_C_HOTELS_CDS.ZSD_030_C_HOTELSType" sap:creatable="false" sap:updatable="false" sap:deletable="false" sap:content-version="1"/>
            </EntityContainer>
            <atom:link rel="self" href="http://r36z.ucc.ovgu.de:443/sap/opu/odata/sap/ZSD_030_C_HOTELS_CDS/$metadata" xmlns:atom="http://www.w3.org/2005/Atom"/>
            <atom:link rel="latest-version" href="http://r36z.ucc.ovgu.de:443/sap/opu/odata/sap/ZSD_030_C_HOTELS_CDS/$metadata" xmlns:atom="http://www.w3.org/2005/Atom"/>
        </Schema>
    </edmx:DataServices>
</edmx:Edmx>